-- phpMyAdmin SQL Dump
-- version 4.0.4.1
-- http://www.phpmyadmin.net
--
-- Host: 127.0.0.1
-- Generation Time: Nov 15, 2013 at 11:32 AM
-- Server version: 5.5.32
-- PHP Version: 5.4.19

SET SQL_MODE = "NO_AUTO_VALUE_ON_ZERO";
SET time_zone = "+00:00";


/*!40101 SET @OLD_CHARACTER_SET_CLIENT=@@CHARACTER_SET_CLIENT */;
/*!40101 SET @OLD_CHARACTER_SET_RESULTS=@@CHARACTER_SET_RESULTS */;
/*!40101 SET @OLD_COLLATION_CONNECTION=@@COLLATION_CONNECTION */;
/*!40101 SET NAMES utf8 */;

--
-- Database: `hunter`
--
CREATE DATABASE IF NOT EXISTS `hunter` DEFAULT CHARACTER SET latin1 COLLATE latin1_swedish_ci;
USE `hunter`;

-- --------------------------------------------------------

--
-- Table structure for table `attack`
--

CREATE TABLE IF NOT EXISTS `attack` (
  `attack_id` int(8) NOT NULL AUTO_INCREMENT,
  `monster_id` int(8) NOT NULL,
  `attack_name` varchar(32) NOT NULL,
  `attack_type` varchar(32) NOT NULL DEFAULT 'physical',
  `attack_dmg` int(8) NOT NULL,
  PRIMARY KEY (`attack_id`),
  KEY `monster_id` (`monster_id`)
) ENGINE=InnoDB  DEFAULT CHARSET=latin1 AUTO_INCREMENT=206 ;

--
-- Dumping data for table `attack`
--

INSERT INTO `attack` (`attack_id`, `monster_id`, `attack_name`, `attack_type`, `attack_dmg`) VALUES
(1, 1, 'Scratch', 'physical', 18),
(2, 1, 'Tail Whip', 'physical', 20),
(3, 1, 'Pounce', 'physical', 25),
(4, 2, 'Scratch', 'thunder', 17),
(5, 2, 'Tail Whip', 'physical', 21),
(6, 2, 'Pounce', 'physical', 28),
(7, 3, 'Scratch', 'physical', 15),
(8, 3, 'Tail Whip', 'physical', 20),
(9, 3, 'Pounce', 'physical', 25),
(10, 3, 'Breath Attack', 'fire', 30),
(11, 4, 'Slither', 'physical', 25),
(12, 4, 'Tail Whip', 'physical', 30),
(13, 4, 'Hip Check', 'physical', 35),
(14, 4, 'Sand Blast', 'water', 42),
(15, 5, 'Triple Peck', 'physical', 24),
(16, 5, 'Tail Whip', 'physical', 28),
(17, 5, 'Chicken Charge', 'physical', 26),
(18, 5, 'Fire Ball', 'fire', 43),
(19, 6, 'Triple Peck', 'physical', 28),
(20, 6, 'Tail Whip', 'physical', 35),
(21, 6, 'Flying Charge', 'physical', 42),
(22, 6, 'Quad Fire Ball', 'fire', 50),
(23, 7, 'Forward Bite', 'physical', 25),
(24, 7, 'Tail Whip', 'physical', 28),
(25, 7, 'Side Bite', 'physical', 34),
(26, 7, 'Side Tackle', 'physical', 40),
(31, 8, 'Bite', 'physical', 30),
(32, 8, 'Back Flip', 'physical', 35),
(33, 8, 'Fire Blast', 'fire', 38),
(34, 8, 'Lunging Double Peck', 'physical', 54),
(35, 9, 'Forward Bite', 'physical', 26),
(36, 9, 'Tail Whip', 'physical', 29),
(37, 9, 'Side Tackle', 'physical', 34),
(38, 9, 'Ice Spit', 'ice', 42),
(39, 10, 'Forward Bite', 'physical', 26),
(40, 10, 'Tail Whip', 'physical', 30),
(41, 10, 'Side Tackle', 'physical', 35),
(42, 10, 'Fire Spit', 'fire', 48),
(43, 11, 'Wyvern Bite', 'physical', 33),
(44, 11, 'Tail Whip', 'physical', 38),
(45, 11, 'Drunken Charge', 'physical', 48),
(46, 11, 'Death Scene', 'physical', 60),
(47, 12, 'Quadru Peck', 'physical', 37),
(48, 12, 'Tail Whip', 'physical', 40),
(49, 12, 'Chicken Run', 'physical', 53),
(50, 12, 'Area Fly', 'physical', 66),
(51, 13, 'Lunging Peck', 'physical', 38),
(52, 13, 'Tail Whip', 'physical', 43),
(53, 13, 'Charge', 'physical', 52),
(54, 13, 'Fury Kick', 'physical', 64),
(55, 14, 'Bite', 'physical', 40),
(56, 14, 'Tail Whip', 'physical', 49),
(57, 14, 'Hip Check', 'physical', 57),
(58, 14, 'Water Jet', 'water', 69),
(59, 15, 'Bite', 'physical', 42),
(60, 15, 'Tail Whip', 'physical', 54),
(61, 15, 'Hip Check', 'physical', 63),
(62, 15, 'Water Blast', 'water', 75),
(63, 16, 'Tail Spin', 'physical', 40),
(64, 16, 'Thunder Shield', 'thunder', 54),
(65, 16, 'Leap', 'physical', 58),
(66, 16, 'Electric Blast', 'thunder', 70),
(67, 17, 'Lunge', 'physical', 46),
(68, 17, 'Thunder Shield', 'thunder', 58),
(69, 17, 'Electric Blast', 'thunder', 64),
(70, 17, 'Electric Ram', 'thunder', 74),
(71, 18, 'Bite', 'physical', 55),
(72, 18, '360 Tail Spin', 'physical', 58),
(73, 18, 'Charge Attack', 'physical', 66),
(74, 18, 'Ground Hurl', 'physical', 77),
(83, 21, 'Charge', 'physical', 55),
(84, 21, 'Ice Breath', 'ice', 62),
(85, 21, 'Aerial Dive', 'physical', 72),
(86, 21, 'Wall Jump', 'physical', 78),
(87, 22, 'Hip Check', 'physical', 49),
(88, 22, 'Fire Ball', 'fire', 58),
(89, 22, 'Charge', 'physical', 64),
(90, 22, 'Fire Beam', 'fire', 72),
(91, 23, 'Bite', 'physical', 55),
(92, 23, 'Hip Check', 'physical', 64),
(93, 23, 'Tail Smash', 'physical', 71),
(94, 23, 'Power Charge', 'physical', 80),
(95, 25, 'Horn Ram', 'physical', 60),
(96, 25, 'Hip Check', 'physical', 67),
(97, 25, 'Tail Smash', 'physical', 76),
(98, 25, 'Catapult', 'physical', 86),
(99, 24, 'Hip Check', 'physical', 62),
(100, 24, 'Claw Stomp', 'thunder', 69),
(101, 24, 'Jump Tail Spin', 'thunder', 76),
(102, 24, 'Lightning Storm', 'thunder', 83),
(103, 26, 'Charge', 'physical', 65),
(104, 26, 'Tail Whip', 'physical', 76),
(105, 26, 'Fire Ball', 'fire', 84),
(106, 26, 'Back Flip', 'physical', 91),
(107, 27, 'Tail Whip', 'physical', 70),
(108, 27, 'Aerial Fire Ball', 'fire', 80),
(109, 27, 'Aerial Claw', 'fire', 87),
(110, 27, 'Aerial Sweep', 'physical', 95),
(111, 28, 'Bite', 'physical', 68),
(112, 28, 'Tail Swipe', 'physical', 75),
(113, 28, 'Triple Pounce', 'physical', 80),
(114, 28, 'Tail Slam', 'physical', 92),
(115, 29, 'Chin Bump', 'physical', 65),
(116, 29, 'Quadruple Chin Smash', 'physical', 80),
(117, 29, 'Exploding Rock', 'fire', 85),
(118, 29, 'Roll Attack', 'physical', 96),
(119, 30, 'Charge', 'physical', 72),
(120, 30, 'Tail Sweep', 'physical', 80),
(121, 30, 'Body Slam', 'physical', 88),
(122, 30, 'Sweeping Fire Beam', 'fire', 98),
(131, 32, 'Bite', 'fire', 72),
(132, 32, 'Fire Ball', 'fire', 83),
(133, 32, 'Triple Charge', 'physical', 91),
(134, 32, 'Double Back Flip', 'physical', 100),
(135, 33, 'Aerial Claw', 'fire', 74),
(136, 33, 'Triple Charge', 'physical', 86),
(137, 33, 'Jump Fire Ball', 'fire', 93),
(138, 33, 'Around the World', 'physical', 104),
(139, 34, 'Double Bite', 'fire', 76),
(140, 34, 'Quadruple Peck', 'fire', 84),
(141, 34, 'Drill Jump', 'physical', 89),
(142, 34, 'Fire Beam Sweep', 'fire', 97),
(143, 35, 'Slither', 'physical', 77),
(144, 35, 'Hip Check', 'physical', 82),
(145, 35, 'Triple Fire Ball', 'fire', 90),
(146, 35, 'Body Slam', 'fire', 105),
(147, 36, 'Quadruple Peck', 'ice', 74),
(148, 36, 'Sliding Charge', 'physical', 85),
(149, 36, 'Dig and Resurface', 'ice', 94),
(150, 36, 'Sweeping Ice Beam', 'ice', 107),
(151, 37, 'Fire Ball', 'fire', 78),
(152, 37, 'Triple Fire Ball', 'fire', 89),
(153, 37, 'Double Back Flip', 'physical', 98),
(154, 37, 'Instant Back Flip', 'physical', 115),
(155, 38, 'Aerial Charge', 'physical', 84),
(156, 38, 'Triple Fire Ball', 'fire', 92),
(157, 38, 'Pin Down', 'physical', 100),
(158, 38, 'Triple Aerial Fire Ball', 'fire', 120),
(159, 39, 'Stomp', 'physical', 95),
(160, 39, 'Body Slam', 'physical', 100),
(161, 39, 'Tail Spin', 'physical', 115),
(162, 39, 'Dragon Breath', 'dragon', 125),
(163, 40, 'Claw Swipe', 'physical', 90),
(164, 40, 'Fire Aura', 'fire', 105),
(165, 40, 'Pounce Attack', 'physical', 120),
(166, 40, 'Flamethrower', 'fire', 135),
(167, 41, 'Claw Swipe', 'physical', 90),
(168, 41, 'Wind Aura', 'physical', 105),
(169, 41, 'Wind Stream', 'ice', 120),
(170, 41, 'Wind Cannon', 'ice', 135),
(171, 42, 'Claw Swipe', 'physical', 96),
(172, 42, 'Tongue Whip', 'physical', 120),
(173, 42, 'Acid Ball', 'physical', 130),
(174, 42, 'Gas Spew', 'physical', 146),
(175, 43, 'Claw Swipe', 'physical', 95),
(176, 43, 'Fire Aura', 'fire', 120),
(177, 43, 'Flare Burst', 'fire', 135),
(178, 43, 'Strong Fire Breath', 'fire', 150),
(179, 44, 'Fast Charge', 'physical', 110),
(180, 44, 'Body Slam', 'physical', 135),
(181, 44, 'Standing Roar', 'physical', 145),
(182, 44, 'Wind Tunnel', 'dragon', 160),
(183, 45, 'Underground Swim', 'ice', 125),
(184, 45, 'Ice Shovel', 'ice', 140),
(185, 45, 'Body Slam', 'physical', 155),
(186, 45, 'Ice Beam', 'ice', 175),
(191, 46, 'Chomp', 'physical', 150),
(192, 46, 'Snap and Drag', 'physical', 160),
(193, 46, 'Body Slam', 'physical', 175),
(194, 46, 'Air Fireballs', 'fire', 190),
(195, 47, 'Fire Ball', 'fire', 170),
(196, 47, 'Lava Burst', 'physical', 180),
(197, 47, 'Meteor Shower', 'physical', 190),
(198, 47, 'Dive Bomb', 'physical', 215),
(199, 48, 'Foot Stomp', 'physical', 190),
(200, 48, 'Thunder Blast', 'thunder', 215),
(201, 48, 'Dive', 'physical', 190),
(202, 48, 'Ancestral Storm', 'thunder', 240),
(203, 50, 'Scratch', 'physical', 24),
(204, 50, 'Pounce', 'physical', 28),
(205, 50, 'Ice Spit', 'ice', 32);

-- --------------------------------------------------------

--
-- Table structure for table `battle`
--

CREATE TABLE IF NOT EXISTS `battle` (
  `battle_id` int(8) NOT NULL AUTO_INCREMENT,
  `char_id` int(8) NOT NULL,
  `monster_id` int(8) NOT NULL,
  `mon_name` varchar(32) NOT NULL,
  `mon_hp` int(8) NOT NULL,
  `battle_log` text NOT NULL,
  `monster_log` text NOT NULL,
  PRIMARY KEY (`battle_id`),
  KEY `monster_id` (`char_id`)
) ENGINE=InnoDB  DEFAULT CHARSET=latin1 AUTO_INCREMENT=18 ;

--
-- Dumping data for table `battle`
--

INSERT INTO `battle` (`battle_id`, `char_id`, `monster_id`, `mon_name`, `mon_hp`, `battle_log`, `monster_log`) VALUES
(14, 14, 3, 'Iodrome', 108, 'You attacked Iodrome for 22 damage!<br>You attacked Iodrome for 20 damage!<br>', 'Iodrome attacked you with Tail Whip for 10 damage!<br>Iodrome attacked you with Pounce for 15 damage!<br>');

-- --------------------------------------------------------

--
-- Table structure for table `characters`
--

CREATE TABLE IF NOT EXISTS `characters` (
  `char_id` int(8) NOT NULL AUTO_INCREMENT,
  `user_id` int(8) NOT NULL,
  `char_name` varchar(32) NOT NULL,
  `avatar` int(8) NOT NULL DEFAULT '1',
  `char_hp` int(8) NOT NULL,
  `char_max_hp` int(8) NOT NULL,
  `char_dmg` int(8) NOT NULL DEFAULT '10',
  `char_armor` int(8) NOT NULL DEFAULT '2',
  `zeny` int(8) NOT NULL DEFAULT '2000',
  `monster_kills` int(8) NOT NULL DEFAULT '0',
  `player_deaths` int(8) NOT NULL DEFAULT '0',
  `total_score` int(32) NOT NULL,
  `in_battle` tinyint(4) NOT NULL DEFAULT '0',
  PRIMARY KEY (`char_id`),
  UNIQUE KEY `char_name` (`char_name`)
) ENGINE=InnoDB  DEFAULT CHARSET=latin1 AUTO_INCREMENT=27 ;

--
-- Dumping data for table `characters`
--

INSERT INTO `characters` (`char_id`, `user_id`, `char_name`, `avatar`, `char_hp`, `char_max_hp`, `char_dmg`, `char_armor`, `zeny`, `monster_kills`, `player_deaths`, `total_score`, `in_battle`) VALUES
(7, 1, 'Shiki', 1, 178, 178, 90, 26, 8970, 38, 15, 555, 0),
(9, 4, 'Sakuya', 4, 100, 100, 20, 7, 2000, 0, 0, 0, 0),
(10, 2, 'Haru', 1, 100, 100, 20, 7, 1040, 0, 0, 0, 0),
(11, 7, 'qwe147asd258zxc', 1, 100, 100, 20, 7, 2300, 0, 0, 0, 0),
(12, 8, 'Erza', 2, 120, 120, 35, 10, 3170, 2, 0, 6, 0),
(13, 6, 'ralph', 1, 100, 100, 20, 7, 2000, 0, 0, 0, 0),
(14, 13, 'char23', 1, 95, 120, 30, 10, 375, 6, 1, 24, 14),
(15, 16, 'charmelle', 4, 100, 100, 20, 7, 1945, 22, 3, 66, 0),
(16, 17, '12345678', 1, 120, 120, 20, 10, 2060, 1, 2, 3, 0),
(17, 18, 'AnchorNemo', 1, 244, 244, 150, 60, 2285, 67, 13, 1119, 0),
(18, 19, 'Joemark', 3, 150, 150, 70, 20, 660, 32, 11, 210, 0),
(21, 22, 'LAN', 4, 100, 100, 20, 7, 2085, 1, 3, 3, 0),
(22, 14, 'testchar', 3, 100, 100, 20, 7, 835, 1, 1, 3, 0),
(23, 11, 'testchar2', 1, 100, 100, 20, 7, 2000, 0, 0, 0, 0),
(24, 23, '(.^_^.)', 2, 100, 100, 20, 7, 2080, 1, 0, 3, 0),
(25, 24, 'helloka', 4, 100, 100, 20, 7, 80, 1, 1, 3, 0),
(26, 25, 'namd', 2, 100, 100, 20, 7, 250, 0, 0, 0, 0);

-- --------------------------------------------------------

--
-- Table structure for table `craft`
--

CREATE TABLE IF NOT EXISTS `craft` (
  `craft_id` int(11) NOT NULL AUTO_INCREMENT,
  `equip_id` int(8) NOT NULL,
  `item_id` int(8) NOT NULL,
  `quantity` int(8) NOT NULL,
  PRIMARY KEY (`craft_id`),
  KEY `equip_id` (`equip_id`),
  KEY `item_id` (`item_id`)
) ENGINE=InnoDB  DEFAULT CHARSET=latin1 AUTO_INCREMENT=199 ;

--
-- Dumping data for table `craft`
--

INSERT INTO `craft` (`craft_id`, `equip_id`, `item_id`, `quantity`) VALUES
(1, 3, 12, 5),
(2, 3, 13, 3),
(3, 4, 13, 2),
(4, 4, 14, 3),
(5, 4, 15, 1),
(6, 5, 4, 5),
(7, 5, 5, 3),
(8, 6, 5, 2),
(9, 6, 6, 3),
(10, 6, 7, 1),
(11, 7, 8, 5),
(12, 7, 9, 3),
(13, 8, 9, 2),
(14, 8, 10, 3),
(15, 8, 11, 1),
(16, 9, 16, 5),
(17, 9, 17, 3),
(18, 10, 17, 2),
(19, 10, 18, 3),
(20, 10, 19, 1),
(21, 11, 20, 2),
(22, 11, 21, 2),
(23, 11, 22, 2),
(24, 11, 23, 1),
(25, 12, 24, 5),
(26, 12, 27, 1),
(27, 13, 24, 2),
(28, 13, 25, 3),
(29, 13, 26, 2),
(30, 14, 28, 5),
(31, 14, 31, 1),
(32, 15, 28, 2),
(33, 15, 29, 3),
(34, 15, 30, 2),
(35, 16, 33, 7),
(36, 17, 32, 3),
(37, 17, 34, 3),
(38, 17, 35, 1),
(39, 18, 45, 5),
(40, 18, 47, 1),
(41, 19, 44, 4),
(42, 19, 46, 3),
(43, 20, 41, 5),
(44, 20, 42, 3),
(45, 21, 40, 2),
(46, 21, 42, 3),
(47, 21, 43, 1),
(48, 22, 37, 5),
(49, 22, 39, 1),
(50, 23, 36, 3),
(51, 23, 38, 3),
(52, 24, 48, 3),
(53, 24, 49, 3),
(54, 24, 50, 2),
(55, 24, 51, 1),
(56, 25, 52, 3),
(57, 25, 53, 3),
(58, 25, 54, 2),
(59, 25, 55, 1),
(60, 26, 56, 3),
(61, 26, 57, 3),
(62, 26, 58, 2),
(63, 26, 59, 1),
(64, 27, 72, 3),
(65, 27, 73, 3),
(66, 27, 74, 2),
(67, 27, 75, 1),
(68, 28, 68, 5),
(69, 28, 69, 2),
(70, 28, 70, 1),
(71, 28, 71, 1),
(72, 29, 64, 2),
(73, 29, 65, 3),
(74, 29, 66, 3),
(75, 29, 67, 1),
(76, 30, 60, 3),
(77, 30, 61, 4),
(78, 30, 62, 1),
(79, 30, 63, 1),
(80, 31, 92, 3),
(81, 31, 94, 4),
(82, 32, 62, 3),
(83, 32, 63, 3),
(84, 32, 63, 1),
(85, 33, 81, 4),
(86, 33, 83, 2),
(87, 34, 80, 5),
(88, 34, 82, 2),
(89, 35, 76, 3),
(90, 35, 77, 3),
(91, 35, 78, 2),
(92, 35, 79, 1),
(93, 36, 120, 4),
(94, 36, 121, 2),
(95, 36, 122, 2),
(96, 36, 123, 1),
(97, 37, 116, 4),
(98, 37, 117, 2),
(99, 37, 118, 2),
(100, 37, 119, 1),
(101, 38, 125, 6),
(102, 38, 127, 1),
(103, 39, 124, 2),
(104, 39, 125, 3),
(105, 39, 126, 2),
(106, 40, 112, 3),
(107, 40, 113, 2),
(108, 40, 114, 3),
(109, 40, 115, 1),
(110, 41, 108, 3),
(111, 41, 109, 2),
(112, 41, 110, 3),
(113, 41, 111, 1),
(114, 42, 104, 3),
(115, 42, 105, 2),
(116, 42, 106, 3),
(117, 42, 107, 1),
(118, 43, 96, 3),
(119, 43, 97, 2),
(120, 43, 98, 3),
(121, 43, 99, 1),
(122, 44, 128, 3),
(123, 44, 129, 2),
(124, 44, 130, 3),
(125, 44, 131, 1),
(126, 45, 144, 3),
(127, 45, 145, 2),
(128, 45, 146, 3),
(129, 45, 147, 1),
(130, 46, 140, 3),
(131, 46, 141, 2),
(132, 46, 142, 3),
(133, 46, 143, 1),
(134, 47, 136, 3),
(135, 47, 137, 2),
(136, 47, 138, 3),
(137, 47, 139, 1),
(138, 48, 148, 3),
(139, 48, 149, 2),
(140, 48, 150, 3),
(141, 48, 151, 1),
(142, 49, 154, 5),
(143, 49, 155, 2),
(144, 50, 152, 3),
(145, 50, 153, 2),
(146, 50, 154, 2),
(147, 51, 160, 3),
(148, 51, 161, 2),
(149, 51, 162, 3),
(150, 51, 163, 1),
(151, 52, 156, 4),
(152, 52, 157, 3),
(153, 52, 158, 1),
(154, 52, 159, 1),
(155, 53, 164, 4),
(156, 53, 165, 3),
(157, 53, 166, 1),
(158, 53, 167, 1),
(159, 54, 172, 1),
(160, 54, 173, 3),
(161, 54, 174, 4),
(162, 54, 175, 1),
(163, 55, 168, 1),
(164, 55, 169, 3),
(165, 55, 170, 4),
(166, 55, 171, 1),
(167, 56, 180, 1),
(168, 56, 181, 3),
(169, 56, 182, 4),
(170, 56, 183, 1),
(171, 57, 176, 4),
(172, 57, 177, 3),
(173, 57, 178, 1),
(174, 57, 179, 1),
(175, 58, 188, 4),
(176, 58, 189, 1),
(177, 58, 190, 3),
(178, 58, 191, 1),
(179, 59, 192, 4),
(180, 59, 193, 3),
(181, 59, 194, 1),
(182, 59, 195, 1),
(183, 60, 196, 4),
(184, 60, 197, 3),
(185, 60, 198, 1),
(186, 60, 199, 1),
(187, 61, 200, 4),
(188, 61, 201, 1),
(189, 61, 202, 3),
(190, 61, 203, 1),
(191, 62, 204, 4),
(192, 62, 205, 1),
(193, 62, 206, 3),
(194, 62, 207, 1),
(195, 63, 204, 3),
(196, 63, 205, 2),
(197, 63, 206, 3),
(198, 63, 207, 1);

-- --------------------------------------------------------

--
-- Table structure for table `equipment`
--

CREATE TABLE IF NOT EXISTS `equipment` (
  `equip_id` int(8) NOT NULL AUTO_INCREMENT,
  `equip_name` varchar(32) NOT NULL,
  `equip_stat` int(8) NOT NULL,
  `equip_level` int(8) NOT NULL,
  `equip_type` varchar(32) NOT NULL,
  `equip_elem` varchar(32) NOT NULL DEFAULT 'physical',
  `shop_value` int(8) NOT NULL,
  `monster_id` int(8) DEFAULT NULL,
  PRIMARY KEY (`equip_id`),
  KEY `monster_id` (`monster_id`)
) ENGINE=InnoDB  DEFAULT CHARSET=latin1 AUTO_INCREMENT=64 ;

--
-- Dumping data for table `equipment`
--

INSERT INTO `equipment` (`equip_id`, `equip_name`, `equip_stat`, `equip_level`, `equip_type`, `equip_elem`, `shop_value`, `monster_id`) VALUES
(1, 'Buster Sword', 20, 1, 'weapon', 'physical', 300, NULL),
(2, 'Hunter''s Armor', 7, 1, 'armor', 'physical', 300, NULL),
(3, 'White Serpent Blade', 30, 2, 'weapon', 'ice', 400, 50),
(4, 'Giadrome Armor', 10, 2, 'armor', 'ice', 400, 50),
(5, 'Vile Serpent Blade', 40, 2, 'weapon', 'physical', 420, 1),
(6, 'Velocidrome Armor', 10, 2, 'armor', 'physical', 420, 1),
(7, 'Viper Bite', 30, 2, 'weapon', 'thunder', 400, 2),
(8, 'Gendrome Armor', 10, 2, 'armor', 'thunder', 400, 2),
(9, 'Hydra Bite', 35, 3, 'weapon', 'fire', 500, 3),
(10, 'Iodrome Armor', 12, 3, 'armor', 'fire', 500, 3),
(11, 'Sandman Fin Sword', 40, 3, 'weapon', 'water', 500, 4),
(12, 'KutKu Jaw', 55, 4, 'weapon', 'fire', 600, 5),
(13, 'KutKu Armor', 15, 4, 'armor', 'fire', 600, 5),
(14, 'Dynamic Hammer', 70, 4, 'weapon', 'physical', 600, 6),
(15, 'Blue KutKu Armor', 18, 4, 'armor', 'fire', 600, 6),
(16, 'High Chief''s Great Sword', 50, 4, 'weapon', 'crit', 700, 7),
(17, 'Jaggi Armor', 20, 4, 'armor', 'physical', 700, 7),
(18, 'Daito Wolf', 70, 5, 'weapon', 'crit', 700, 8),
(19, 'Garuga Armor', 20, 5, 'armor', 'fire', 700, 8),
(20, 'Hypno Knife', 70, 5, 'weapon', 'ice', 700, 9),
(21, 'Baggi Armor', 20, 5, 'armor', 'ice', 700, 9),
(22, 'Wroggi Sword', 90, 5, 'weapon', 'physical', 700, 10),
(23, 'Wroggi Armor', 25, 5, 'armor', 'fire', 700, 10),
(24, 'Dual Battle Axe', 120, 6, 'weapon', 'physical', 800, 11),
(25, 'P Gypceros Armor', 26, 6, 'armor', 'thunder', 800, 12),
(26, 'Pickaxe Blade', 80, 6, 'weapon', 'crit', 800, 13),
(27, 'Aqua Spear', 100, 7, 'weapon', 'water', 900, 15),
(28, 'Plesioth Armor', 28, 6, 'armor', 'water', 900, 14),
(29, 'Blood Horn', 105, 7, 'weapon', 'thunder', 900, 17),
(30, 'Khezu Armor', 28, 7, 'armor', 'thunder', 900, 16),
(31, 'Rex Slicers', 130, 8, 'weapon', 'physical', 1000, 18),
(32, 'Tigrex Armor', 33, 8, 'armor', 'physical', 1000, 18),
(33, 'Tusk Lance', 110, 8, 'weapon', 'ice', 1000, 21),
(34, 'Barioth Armor', 30, 8, 'armor', 'ice', 1000, 21),
(35, 'Basarios Armor', 45, 8, 'armor', 'physical', 1000, 22),
(36, 'Diablos Destroyer', 160, 9, 'weapon', 'physical', 1150, 25),
(37, 'Diablos Armor', 50, 9, 'armor', 'physical', 1150, 23),
(38, 'Thunder King''s Dual Blades', 120, 9, 'weapon', 'thunder', 1150, 24),
(39, 'Zinogre Armor', 33, 9, 'armor', 'thunder', 1150, 24),
(40, 'Red Wing', 120, 9, 'weapon', 'fire', 1150, 27),
(41, 'Rathian Armor', 34, 9, 'armor', 'fire', 1150, 26),
(42, 'Ebony Wings', 100, 9, 'weapon', 'crit', 1150, 28),
(43, 'Uragaan Armor', 60, 9, 'armor', 'physical', 1000, 29),
(44, 'Gravios Armor', 60, 10, 'armor', 'physical', 1500, 30),
(45, 'Blue Wing', 140, 10, 'weapon', 'fire', 1350, 33),
(46, 'Pink Rathian Armor', 40, 10, 'armor', 'fire', 1200, 32),
(47, 'Agnaktor Armor', 45, 10, 'armor', 'fire2', 1500, 34),
(48, 'Lavasioth Armor', 54, 11, 'armor', 'fire2', 1700, 35),
(49, 'Water Thrower', 140, 10, 'weapon', 'water', 1350, 36),
(50, 'Ice Agnaktor Armor', 54, 11, 'armor', 'ice2', 1700, 36),
(51, 'Rathalos Brilliance', 160, 11, 'weapon', 'fire', 1350, 38),
(52, 'Gold Rathian Armor', 50, 11, 'armor', 'physical2', 1900, 37),
(53, 'Anguish', 150, 12, 'weapon', 'dragon', 2050, 39),
(54, 'Daora''s Decimator', 160, 12, 'weapon', 'water', 1350, 41),
(55, 'Lunastra Armor', 90, 12, 'armor', 'fire2', 2500, 40),
(56, 'Teostra''s Howl', 170, 13, 'weapon', 'fire', 2350, 43),
(57, 'Chameleos Armor', 80, 13, 'armor', 'physical2', 2500, 42),
(58, 'Akantor Dark Claws', 180, 13, 'weapon', 'dragon', 3350, 44),
(59, 'Ukanlos Trampler', 200, 14, 'weapon', 'ice', 3650, 45),
(60, 'Black Scythe', 200, 14, 'weapon', 'dragon', 4350, 46),
(61, 'Red Fatalis Armor', 100, 15, 'armor', 'dragon', 4850, 47),
(62, 'Ultimate Apocalypse', 220, 16, 'weapon', 'elemental', 11350, 48),
(63, 'White Fatalis Armor', 120, 16, 'armor', 'elemental', 12650, 48);

-- --------------------------------------------------------

--
-- Table structure for table `inventory`
--

CREATE TABLE IF NOT EXISTS `inventory` (
  `char_id` int(8) NOT NULL,
  `item_id` int(8) NOT NULL,
  `item_type` enum('useable','armor','weapon') NOT NULL,
  `quantity` int(8) NOT NULL DEFAULT '1',
  `equiped` tinyint(4) NOT NULL DEFAULT '0'
) ENGINE=InnoDB DEFAULT CHARSET=latin1;

--
-- Dumping data for table `inventory`
--

INSERT INTO `inventory` (`char_id`, `item_id`, `item_type`, `quantity`, `equiped`) VALUES
(7, 1, 'weapon', 1, 0),
(7, 2, 'armor', 5, 0),
(8, 1, 'weapon', 1, 1),
(8, 2, 'armor', 1, 1),
(7, 2, 'useable', 1, 0),
(7, 3, 'useable', 1, 0),
(7, 8, 'armor', 1, 0),
(7, 3, 'weapon', 3, 0),
(7, 7, 'weapon', 1, 0),
(7, 10, 'armor', 1, 0),
(7, 5, 'weapon', 1, 0),
(7, 4, 'armor', 1, 0),
(7, 31, 'weapon', 1, 0),
(7, 32, 'armor', 1, 0),
(9, 1, 'weapon', 1, 1),
(9, 2, 'armor', 1, 1),
(9, 1, 'useable', 5, 0),
(10, 1, 'weapon', 1, 1),
(10, 2, 'armor', 1, 1),
(10, 1, 'useable', 5, 0),
(7, 18, 'weapon', 1, 0),
(7, 13, 'armor', 1, 0),
(11, 1, 'weapon', 1, 1),
(11, 2, 'armor', 1, 1),
(11, 1, 'useable', 5, 0),
(12, 1, 'weapon', 1, 0),
(12, 2, 'armor', 1, 0),
(12, 1, 'useable', 5, 0),
(12, 5, 'weapon', 1, 0),
(12, 8, 'armor', 1, 0),
(12, 6, 'armor', 1, 1),
(12, 9, 'weapon', 1, 1),
(7, 9, 'weapon', 1, 0),
(12, 7, 'weapon', 1, 0),
(13, 1, 'weapon', 1, 1),
(13, 2, 'armor', 1, 1),
(13, 1, 'useable', 5, 0),
(7, 25, 'armor', 1, 1),
(7, 11, 'weapon', 1, 0),
(7, 61, 'armor', 1, 0),
(7, 60, 'weapon', 1, 0),
(7, 22, 'weapon', 1, 1),
(7, 12, 'weapon', 1, 0),
(7, 39, 'armor', 1, 0),
(14, 1, 'weapon', 1, 0),
(14, 2, 'armor', 1, 0),
(14, 1, 'useable', 4, 0),
(15, 1, 'weapon', 1, 1),
(15, 2, 'armor', 1, 1),
(15, 1, 'useable', 0, 0),
(15, 3, 'useable', 0, 0),
(16, 1, 'weapon', 1, 1),
(16, 2, 'armor', 1, 0),
(16, 1, 'useable', 5, 0),
(14, 8, 'armor', 1, 0),
(16, 6, 'armor', 1, 1),
(14, 3, 'weapon', 1, 1),
(7, 17, 'armor', 1, 0),
(15, 6, 'armor', 1, 0),
(17, 1, 'weapon', 1, 0),
(17, 2, 'armor', 1, 0),
(17, 6, 'armor', 1, 0),
(17, 8, 'armor', 1, 0),
(17, 4, 'armor', 1, 0),
(17, 10, 'armor', 1, 0),
(14, 6, 'armor', 1, 1),
(17, 5, 'weapon', 1, 0),
(17, 1, 'useable', 0, 0),
(14, 10, 'armor', 1, 0),
(17, 13, 'armor', 1, 0),
(17, 15, 'armor', 1, 0),
(17, 17, 'armor', 1, 0),
(17, 18, 'weapon', 1, 0),
(17, 21, 'armor', 1, 0),
(17, 23, 'armor', 1, 0),
(15, 7, 'weapon', 1, 0),
(15, 2, 'useable', 0, 0),
(17, 25, 'armor', 1, 0),
(7, 34, 'armor', 1, 0),
(17, 27, 'weapon', 1, 0),
(18, 1, 'weapon', 1, 0),
(18, 2, 'armor', 1, 0),
(18, 1, 'useable', 0, 0),
(18, 6, 'armor', 1, 0),
(19, 1, 'weapon', 1, 1),
(19, 2, 'armor', 1, 1),
(19, 1, 'useable', 5, 0),
(17, 29, 'weapon', 1, 0),
(18, 2, 'useable', 0, 0),
(17, 32, 'armor', 1, 0),
(18, 3, 'weapon', 1, 0),
(18, 10, 'armor', 1, 0),
(20, 1, 'weapon', 1, 1),
(20, 2, 'armor', 1, 1),
(20, 1, 'useable', 3, 0),
(21, 1, 'weapon', 1, 1),
(21, 2, 'armor', 1, 1),
(21, 1, 'useable', 0, 0),
(22, 1, 'weapon', 1, 1),
(22, 2, 'armor', 1, 1),
(22, 1, 'useable', 6, 0),
(23, 1, 'weapon', 1, 1),
(23, 2, 'armor', 1, 1),
(23, 1, 'useable', 3, 0),
(22, 8, 'armor', 1, 0),
(24, 1, 'weapon', 1, 1),
(24, 2, 'armor', 1, 1),
(24, 1, 'useable', 2, 0),
(18, 4, 'armor', 1, 0),
(25, 1, 'weapon', 1, 1),
(25, 2, 'armor', 1, 1),
(25, 1, 'useable', 6, 0),
(18, 9, 'weapon', 1, 0),
(17, 2, 'useable', 0, 0),
(25, 2, 'useable', 3, 0),
(17, 43, 'armor', 1, 1),
(18, 11, 'weapon', 1, 0),
(26, 1, 'weapon', 1, 1),
(26, 2, 'armor', 1, 1),
(26, 1, 'useable', 10, 0),
(17, 46, 'armor', 1, 0),
(17, 50, 'armor', 1, 0),
(18, 8, 'armor', 1, 0),
(17, 52, 'armor', 1, 0),
(18, 15, 'armor', 1, 0),
(18, 13, 'armor', 1, 0),
(17, 53, 'weapon', 1, 1),
(18, 3, 'useable', 1, 0),
(26, 2, 'useable', 2, 0),
(14, 2, 'useable', 3, 0),
(18, 14, 'weapon', 1, 1),
(17, 3, 'useable', 4, 0),
(18, 19, 'armor', 1, 1),
(7, 6, 'armor', 1, 0),
(15, 8, 'armor', 1, 0),
(7, 1, 'useable', 4, 0);

-- --------------------------------------------------------

--
-- Table structure for table `item`
--

CREATE TABLE IF NOT EXISTS `item` (
  `item_id` int(8) NOT NULL AUTO_INCREMENT,
  `item_name` varchar(32) NOT NULL,
  `item_type` varchar(32) NOT NULL DEFAULT 'loot',
  `item_description` text NOT NULL,
  `use_value` int(8) NOT NULL DEFAULT '0',
  `shop_value` int(8) NOT NULL DEFAULT '0',
  `monster_id` int(8) DEFAULT NULL,
  PRIMARY KEY (`item_id`),
  KEY `monster_id` (`monster_id`)
) ENGINE=InnoDB  DEFAULT CHARSET=latin1 AUTO_INCREMENT=208 ;

--
-- Dumping data for table `item`
--

INSERT INTO `item` (`item_id`, `item_name`, `item_type`, `item_description`, `use_value`, `shop_value`, `monster_id`) VALUES
(1, 'Herb', 'useable', 'Heals user for 40% HP.', 40, 200, NULL),
(2, 'Potion', 'useable', 'Heals user for 60% HP.', 60, 350, NULL),
(3, 'Mega Potion', 'useable', 'Heals user for 80% HP.', 80, 600, NULL),
(4, 'Velocidrome Claw', 'loot', '', 0, 200, 1),
(5, 'Velocidrome Scale', 'loot', '', 0, 250, 1),
(6, 'Velocidrome Hide', 'loot', '', 0, 260, 1),
(7, 'Velocidrome Head', 'loot', '', 0, 300, 1),
(8, 'Gendrome Claw', 'loot', '', 0, 200, 2),
(9, 'Gendrome Scale', 'loot', '', 0, 250, 2),
(10, 'Gendrome Hide', 'loot', '', 0, 260, 2),
(11, 'Gendrome Skull', 'loot', '', 0, 300, 2),
(12, 'Giadrome Claw', 'loot', '', 0, 200, 50),
(13, 'Giadrome Scale', 'loot', '', 0, 250, 50),
(14, 'Giadrome Hide', 'loot', '', 0, 260, 50),
(15, 'Giadrome Skull', 'loot', '', 0, 300, 50),
(16, 'Iodrome Claw', 'loot', '', 0, 220, 3),
(17, 'Iodrome Scale', 'loot', '', 0, 270, 3),
(18, 'Iodrome Hide', 'loot', '', 0, 290, 3),
(19, 'Iodrome Skull', 'loot', '', 0, 330, 3),
(20, 'Cephadrome Scale', 'loot', '', 0, 230, 4),
(21, 'Cephadrome Fin', 'loot', '', 0, 280, 4),
(22, 'Piscine Fang', 'loot', '', 0, 300, 4),
(23, 'Piscine Liver', 'loot', '', 0, 350, 4),
(24, 'KutKu Shell', 'loot', '', 0, 250, 5),
(25, 'KutKu Webbing', 'loot', '', 0, 300, 5),
(26, 'KutKu Ear', 'loot', '', 0, 330, 5),
(27, 'Giant Beak', 'loot', '', 0, 380, 5),
(28, 'Blue KutKu Scale', 'loot', '', 0, 270, 6),
(29, 'Blue KutKu Shell', 'loot', '', 0, 330, 6),
(30, 'Blue KutKu Webbing', 'loot', '', 0, 330, 6),
(31, 'Sturdy Giant Beak', 'loot', '', 0, 380, 6),
(32, 'Great Jaggi Hide', 'loot', '', 0, 250, 7),
(33, 'Great Jaggi Claw', 'loot', '', 0, 300, 7),
(34, 'Great Jaggi Scale', 'loot', '', 0, 330, 7),
(35, 'King''s Frill', 'loot', '', 0, 380, 7),
(36, 'Great Wroggi Hide', 'loot', '', 0, 270, 10),
(37, 'Great Wroggi Claw', 'loot', '', 0, 330, 10),
(38, 'Great Wroggi Brace', 'loot', '', 0, 350, 10),
(39, 'King''s Beak', 'loot', '', 0, 400, 10),
(40, 'Great Baggi Hide', 'loot', '', 0, 270, 9),
(41, 'Great Baggi Claw', 'loot', '', 0, 330, 9),
(42, 'Great Baggi Scale', 'loot', '', 0, 350, 9),
(43, 'Leader''s Crest', 'loot', '', 0, 400, 9),
(44, 'Garuga Shell', 'loot', '', 0, 300, 8),
(45, 'Garuga Wing', 'loot', '', 0, 340, 8),
(46, 'Garuga Mane', 'loot', '', 0, 360, 8),
(47, 'Sharpened Beak', 'loot', '', 0, 430, 8),
(48, 'Rubbery Hide', 'loot', '', 0, 340, 11),
(49, 'Light Crystal', 'loot', '', 0, 380, 11),
(50, 'Gypceros Tail', 'loot', '', 0, 410, 11),
(51, 'Gypceros Head', 'loot', '', 0, 450, 11),
(52, 'Purple Rubbery Hide', 'loot', '', 0, 350, 12),
(53, 'Pure Crystal', 'loot', '', 0, 390, 12),
(54, 'Gypceros Beak', 'loot', '', 0, 410, 12),
(55, 'Gypceros Skull', 'loot', '', 0, 450, 12),
(56, 'Hypno Pelt', 'loot', '', 0, 350, 13),
(57, 'Hypno Claw', 'loot', '', 0, 390, 13),
(58, 'Hypno Bezoar', 'loot', '', 0, 420, 13),
(59, 'Rainbow Tail Feather', 'loot', '', 0, 460, 13),
(60, 'Flabby Hide', 'loot', '', 0, 390, 16),
(61, 'Pale Extract', 'loot', '', 0, 420, 16),
(62, 'Thunder Sac', 'loot', '', 0, 450, 16),
(63, 'Khezu Steak', 'loot', '', 0, 500, 16),
(64, 'Alluring Hide', 'loot', '', 0, 410, 17),
(65, 'Pale Bone', 'loot', '', 0, 420, 17),
(66, 'Electro Sac', 'loot', '', 0, 450, 17),
(67, 'Pale Khezu Steak', 'loot', '', 0, 460, 17),
(68, 'Plesioth Scale', 'loot', '', 0, 400, 14),
(69, 'Plesioth Fang', 'loot', '', 0, 420, 14),
(70, 'Plesioth Head', 'loot', '', 0, 450, 14),
(71, 'Plesioth Fin', 'loot', '', 0, 480, 14),
(72, 'Green Plesioth Scale', 'loot', '', 0, 420, 15),
(73, 'Green Plesioth Fang', 'loot', '', 0, 440, 15),
(74, 'Green Plesioth Head', 'loot', '', 0, 450, 15),
(75, 'Green Plesioth Fin', 'loot', '', 0, 480, 15),
(76, 'Basarios Shell', 'loot', '', 0, 450, 22),
(77, 'Basarios Wing', 'loot', '', 0, 470, 22),
(78, 'Basarios Carapace', 'loot', '', 0, 490, 22),
(79, 'Basarios Tears', 'loot', '', 0, 510, 22),
(80, 'Barioth Shell', 'loot', '', 0, 450, 21),
(81, 'Barioth Spike', 'loot', '', 0, 490, 21),
(82, 'Frost Sac', 'loot', '', 0, 500, 21),
(83, 'Amber Tusks', 'loot', '', 0, 520, 21),
(92, 'Tigrex Scale', 'loot', '', 0, 480, 18),
(93, 'Tigrex Shell', 'loot', '', 0, 520, 18),
(94, 'Tigrex Claw', 'loot', '', 0, 530, 18),
(95, 'Tigrex Skull Shell', 'loot', '', 0, 550, 18),
(96, 'Uragaan Scale', 'loot', '', 0, 500, 29),
(97, 'Uragaan Shell', 'loot', '', 0, 540, 29),
(98, 'Uragaan Scute', 'loot', '', 0, 560, 29),
(99, 'Uragaan Jaw', 'loot', '', 0, 600, 29),
(104, 'Narga Pelt', 'loot', '', 0, 500, 28),
(105, 'Narga Scale', 'loot', '', 0, 520, 28),
(106, 'Narga Spike', 'loot', '', 0, 580, 28),
(107, 'Narga Brain Stem', 'loot', '', 0, 610, 28),
(108, 'Rathian Scale', 'loot', '', 0, 540, 26),
(109, 'Rathian Claw', 'loot', '', 0, 570, 26),
(110, 'Rathian Spike', 'loot', '', 0, 600, 26),
(111, 'Rathian Plate', 'loot', '', 0, 640, 26),
(112, 'Rathalos Scale', 'loot', '', 0, 540, 27),
(113, 'Rathalos Claw', 'loot', '', 0, 570, 27),
(114, 'Rathalos Wing', 'loot', '', 0, 600, 27),
(115, 'Rathalos Plate', 'loot', '', 0, 640, 27),
(116, 'Diablos Shell', 'loot', '', 0, 520, 23),
(117, 'Diablos Fang', 'loot', '', 0, 550, 23),
(118, 'Twisted Horn', 'loot', '', 0, 580, 23),
(119, 'Diablos Brain Stem', 'loot', '', 0, 610, 23),
(120, 'Black Diablos Shell', 'loot', '', 0, 550, 25),
(121, 'Diablos Spine', 'loot', '', 0, 570, 25),
(122, 'Majestic Horn', 'loot', '', 0, 630, 25),
(123, 'Black Diablos Tail', 'loot', '', 0, 640, 25),
(124, 'Zinogre Shell', 'loot', '', 0, 560, 24),
(125, 'Lightning Carapace', 'loot', '', 0, 570, 24),
(126, 'Static Carapace', 'loot', '', 0, 630, 24),
(127, 'Zinogre Plate', 'loot', '', 0, 640, 24),
(128, 'Gravios Shell', 'loot', '', 0, 570, 30),
(129, 'Gravios Wing', 'loot', '', 0, 600, 30),
(130, 'Inferno Sac', 'loot', '', 0, 660, 30),
(131, 'Gravios Brain Stem', 'loot', '', 0, 680, 30),
(136, 'Agnaktor Shell', 'loot', '', 0, 600, 34),
(137, 'Agnaktor Fin', 'loot', '', 0, 640, 34),
(138, 'Agnaktor Tail', 'loot', '', 0, 660, 34),
(139, 'Agnaktor Beak', 'loot', '', 0, 680, 34),
(140, 'Pink Rathian Shell', 'loot', '', 0, 650, 32),
(141, 'Pink Rathian Scale', 'loot', '', 0, 680, 32),
(142, 'Fire Wyvern Marrow', 'loot', '', 0, 690, 32),
(143, 'Rathian Ruby', 'loot', '', 0, 710, 32),
(144, 'Azure Rathalos Claw', 'loot', '', 0, 650, 33),
(145, 'Azure Rathalos Wing', 'loot', '', 0, 680, 33),
(146, 'Fire Wyvern Claw', 'loot', '', 0, 690, 33),
(147, 'Rathalos Ruby', 'loot', '', 0, 710, 33),
(148, 'Lavasioth Fang', 'loot', '', 0, 680, 35),
(149, 'Lavasioth Fin', 'loot', '', 0, 700, 35),
(150, 'Lavasioth Carapace', 'loot', '', 0, 720, 35),
(151, 'Fire Stone', 'loot', '', 0, 750, 35),
(152, 'Ice Agnaktor Shell', 'loot', '', 0, 680, 36),
(153, 'Ice Agnaktor Hide', 'loot', '', 0, 700, 36),
(154, 'Ice Agnaktor Fin', 'loot', '', 0, 720, 36),
(155, 'Gracium', 'loot', '', 0, 750, 36),
(156, 'Gold Rathian Scale', 'loot', '', 0, 720, 37),
(157, 'Gold Rathian Claw', 'loot', '', 0, 740, 37),
(158, 'Flame Sac', 'loot', '', 0, 780, 37),
(159, 'Rathian Divine Plate', 'loot', '', 0, 810, 37),
(160, 'Silver Rathalos Claw', 'loot', '', 0, 730, 38),
(161, 'Silver Rathalos Wing', 'loot', '', 0, 750, 38),
(162, 'Silver Rathalos Tail', 'loot', '', 0, 790, 38),
(163, 'Rathalos Divine Plate', 'loot', '', 0, 820, 38),
(164, 'Deviljho Talon', 'loot', '', 0, 770, 39),
(165, 'Deviljho Fang', 'loot', '', 0, 800, 39),
(166, 'Deviljho Scale', 'loot', '', 0, 820, 39),
(167, 'Deviljho Gem', 'loot', '', 0, 860, 39),
(168, 'Lunastra Horn', 'loot', '', 0, 800, 40),
(169, 'Lunastra Shell', 'loot', '', 0, 830, 40),
(170, 'Lunastra Mane', 'loot', '', 0, 860, 40),
(171, 'Lunastra Jewel', 'loot', '', 0, 900, 40),
(172, 'Daora Webbing', 'loot', '', 0, 800, 41),
(173, 'Daora Shell', 'loot', '', 0, 830, 41),
(174, 'Daora Scale', 'loot', '', 0, 860, 41),
(175, 'Daora Jewel', 'loot', '', 0, 900, 41),
(176, 'Chameleos Webbing', 'loot', '', 0, 840, 42),
(177, 'Chameleos Hide', 'loot', '', 0, 870, 42),
(178, 'Chameleos Horn', 'loot', '', 0, 900, 42),
(179, 'Chameleos Jewel', 'loot', '', 0, 940, 42),
(180, 'Teostra Mane', 'loot', '', 0, 840, 43),
(181, 'Teostra Horn', 'loot', '', 0, 870, 43),
(182, 'Fire Dragon Claw', 'loot', '', 0, 900, 43),
(183, 'Teostra Jewel', 'loot', '', 0, 940, 43),
(188, 'Akantor Claw', 'loot', '', 0, 900, 44),
(189, 'Akantor Shell', 'loot', '', 0, 940, 44),
(190, 'Akantor Fang', 'loot', '', 0, 1000, 44),
(191, 'Akantor Jewel', 'loot', '', 0, 1200, 44),
(192, 'Ukanlos Claw', 'loot', '', 0, 940, 45),
(193, 'Ukanlos Jaw', 'loot', '', 0, 980, 45),
(194, 'Ukanlos Fin', 'loot', '', 0, 1050, 45),
(195, 'Ukanlos Jewel', 'loot', '', 0, 1250, 45),
(196, 'Fatalis Claw', 'loot', '', 0, 1000, 46),
(197, 'Fatalis Horn', 'loot', '', 0, 1100, 46),
(198, 'Dark Stone', 'loot', '', 0, 1200, 46),
(199, 'Fatalis Eye', 'loot', '', 0, 1300, 46),
(200, 'Crimson Fatalis Shell', 'loot', '', 0, 1200, 47),
(201, 'Crimson Fatalis Horn', 'loot', '', 0, 1400, 47),
(202, 'Crimson Fatalis Wing', 'loot', '', 0, 1600, 47),
(203, 'Devil Eye', 'loot', '', 0, 1800, 47),
(204, 'White Fatalis Claw', 'loot', '', 0, 1000, 48),
(205, 'White Fatalis Horn', 'loot', '', 0, 1100, 48),
(206, 'White Fatalis Webbing', 'loot', '', 0, 1200, 48),
(207, 'Fatalis Evil Eye', 'loot', '', 0, 1300, 48);

-- --------------------------------------------------------

--
-- Table structure for table `monster`
--

CREATE TABLE IF NOT EXISTS `monster` (
  `monster_id` int(8) NOT NULL AUTO_INCREMENT,
  `monster_name` varchar(32) NOT NULL,
  `monster_level` int(8) NOT NULL,
  `monster_hp` int(8) NOT NULL,
  `monster_max_hp` int(8) NOT NULL,
  `monster_armor` int(8) NOT NULL,
  `monster_weakness` varchar(32) NOT NULL,
  `monster_resist` varchar(32) NOT NULL DEFAULT 'None',
  `monster_resist_value` int(8) NOT NULL DEFAULT '0',
  `monster_zeny` int(8) NOT NULL,
  `ecology` text NOT NULL,
  `location` varchar(32) NOT NULL,
  PRIMARY KEY (`monster_id`)
) ENGINE=InnoDB  DEFAULT CHARSET=latin1 AUTO_INCREMENT=51 ;

--
-- Dumping data for table `monster`
--

INSERT INTO `monster` (`monster_id`, `monster_name`, `monster_level`, `monster_hp`, `monster_max_hp`, `monster_armor`, `monster_weakness`, `monster_resist`, `monster_resist_value`, `monster_zeny`, `ecology`, `location`) VALUES
(1, 'Velocidrome', 1, 100, 100, 4, 'thunder', 'None', 0, 80, 'The Velocidrome is the leader of a Velociprey pack. They are larger and have a more prominent crest. Its speed and agility are its main strengths. Using these advantages, the Velocidrome will leap around in large strides - often using this tactic to bring its prey down. ', ''),
(2, 'Gendrome', 1, 110, 110, 6, 'water', 'None', 0, 85, 'The Gendrome is the leader of a Genprey pack. Gendrome have rusted gold coats with brown stripes. This forms perfect desert camouflage and helps to break up Gendrome''s outline at a distance and help them ambush their prey. They can electrocute prey using their fangs and claws.', ''),
(3, 'Iodrome', 2, 150, 150, 8, 'thunder', 'None', 0, 95, 'The alpha monster that leads an Ioprey pack. Living and nesting in an unlikely place like the Volcano, the Iodrome is the most well adaptive of the four raptors, developing a salamander-like skin to maintain its water level. It is resistant enough to lava that it can run through it for short periods of time. ', ''),
(4, 'Cephadrome', 2, 180, 180, 8, 'thunder', 'None', 0, 110, 'The Alpha monster form of the Cephalos. They are only found in the desert where the sand allows them to swim in it. It is known for being able to fire a small stream or blast of sand used to deter larger monsters or in killing prey.', ''),
(5, 'Yian KutKu', 3, 210, 210, 10, 'water', 'fire', 20, 150, 'A bird wyvern with a huge beak and large ears that splay open when it is angered.\r\nKut-Ku have very large and sturdy beaks used to crush hard-shelled prey and fruit and can hurl large fireballs to kill weak prey and predators. ', ''),
(6, 'Blue Yian Kutku', 3, 240, 240, 12, 'water', 'fire', 20, 190, 'A stronger version of the Yian Kutku. The Blue Yian Kutku has increased flying abilities, and a uniquely developed flame sac that is used to create an unusual rolling fireball possibly mixed with mucus.', ''),
(7, 'Great Jaggi', 3, 220, 220, 12, 'thunder', 'None', 0, 140, 'The head of a Jaggi pack. Its large frill is a sign to show that he is the leader of the pack. The barbs on its powerful tail serve as a formidable weapon when hunting prey, fighting against hunters or as a defense against other monsters.', ''),
(8, 'Yian Garuga', 4, 320, 320, 14, 'water', 'fire', 30, 210, 'A breed of Yian Kut-Ku with a hard, black shell and a long mane. Yian Garuga is far more proficient in lobbing fireballs than its cousin, Yian Kut-Ku. Its beak and shell are especially hard for a Bird Wyvern, throwing some inexperienced hunters off guard as they are too accustomed to the much weaker Yian Kut-Ku.', ''),
(9, 'Great Baggi', 4, 300, 300, 12, 'fire', 'ice', 24, 150, 'The alpha leader of a Baggi pack. Unlike the Great Jaggi''s spiky tail, Great Baggi have a fan-like tail, which is weaker and shorter, but is made to stun prey with a blow to the head.', ''),
(10, 'Great Wroggi', 4, 310, 310, 12, 'ice', 'fire', 24, 160, 'The leader of a Wroggi pack. Related to the Iodrome, which live in the same areas, the Great Wroggi have a salamander-like skin that helps retain moisture in their bodies.', ''),
(11, 'Gypceros', 5, 390, 390, 14, 'fire', 'None', 0, 220, 'A Wyvern that can generate disorienting flashes of light when its prominent head crest is struck. Its rubbery hide resists damage and can ward off electric attacks.', ''),
(12, 'Purple Gypceros', 5, 430, 430, 16, 'fire', 'None', 0, 250, 'A more powerful version of the Gypceros. Purple Gypceros is a relatively timid beast, but not un-intelligent - it has been known to ''play dead'' in order to deceive an attacker.', ''),
(13, 'Hypnocatrice', 5, 450, 450, 18, 'fire', 'None', 0, 230, 'Hypnocatrice is a brightly rust-coloured bird wyvern with beautiful tail feathers found mainly in forests. Its powerful legs contain very strong muscles which are used in killing prey.', ''),
(14, 'Plesioth', 6, 490, 490, 22, 'thunder', 'water', 30, 290, 'Giant piscine wyverns with swift and varied underwater movements. The Plesioth is able to blast water at extremely high pressure, which is very effective on armors with low water resistance.', ''),
(15, 'Green Plesioth', 6, 530, 530, 24, 'thunder', 'water', 35, 350, 'A subspecies of Plesioth with jade-green scales. Though primarily aquatic, the creature''s movements are equally adept both in and out of water. When enraged, it has a habit of surfacing to rampage on land. It is capable of shooting high-pressure water jets from its mouth to attack large threats and stun small prey.', ''),
(16, 'Khezu', 6, 500, 500, 24, 'fire', 'thunder', 30, 340, 'Loathsome wyverns that live inside caves. Near blind, they detect their prey by smell. They are capable of generating electric shocks, which they use to paralyze their prey.', ''),
(17, 'Red Khezu', 6, 540, 540, 28, 'water', 'thunder', 35, 390, 'A more powerful variant of the Khezu. The Red Khezu has a much more elastic neck, which it can flail around while drooling acid for a potent attack. It uses an electric shield while spitting electric balls in all directions.', ''),
(18, 'Tigrex', 7, 540, 540, 24, 'thunder', 'None', 0, 440, 'A flying wyvern that maintains its primitive origins. Tigrex do not possess flame sacs like many other wyvern, but make up for this by having an incredibly strong organ that holds and controls sound to a deadly level into a strong roar that will literally knocks hunters too close to the creature off their feet.', ''),
(21, 'Barioth', 7, 540, 540, 28, 'fire', 'ice', 30, 420, 'Wyverns that rule the eternally frozen Tundra. Barioth use their huge tusks and spiked scales to move freely atop the slippery ice; this ability makes them very difficult to keep up with. They have razor-sharp claws and spits a blast of snow against attackers.', ''),
(22, 'Basarios', 7, 550, 550, 30, 'water', 'physical', 50, 350, 'The juvenile form of the Gravios. They have steel-like carapace that requires powerful weapons to crack. ', ''),
(23, 'Diablos', 8, 630, 630, 28, 'ice', 'None', 0, 500, 'Two-horned Wyverns found in desert zones. They are capable of burrowing into sand to attack from below. Incredibly violent and proud, they are known to unleash terrible wrath when accosted.', ''),
(24, 'Zinogre', 8, 620, 620, 28, 'ice', 'thunder', 35, 510, 'Fanged wyverns whose bodies are streaked with electricity. It can harness the power of electricity, using it to take down larger prey and to defend itself and its territory. Zinogre also has sharp claws attached to strong muscular fore-limbs, which are used to deliver a fatal blow to prey and hunters.', ''),
(25, 'Black Diablos', 8, 640, 640, 30, 'thunder', 'None', 0, 550, 'A stronger version of the Diablos. Black Diablos can charge great distances very quickly and ram its opponent, promptly goring it with its large horns. Using the sand as cover, they can launch devastating ambushes on intruders encroaching on their territory.', ''),
(26, 'Rathian', 8, 620, 620, 28, 'thunder', 'fire', 40, 570, 'The female version of the Rathalos sharing many characteristics with its male counterpart, although Rathian tends to patrol its territory on the ground. They can perform backflips to knock a foe out of its way and spit fire balls.', ''),
(27, 'Rathalos', 8, 600, 600, 26, 'ice', 'fire', 40, 600, 'Terrible wyverns called the ''Kings of the Skies''. Together with Rathian, they stake wide territories centered around their nests. Rathalos descend on invaders from the sky, attacking with sharp claws and a breath of fire.', ''),
(28, 'Nargacuga', 8, 580, 580, 24, 'fire', 'None', 0, 560, 'A uniquely-evolved wyvern that calls the forest its home. It hides itself in the shadows and slyly stalks its prey with terrifying speed and tenacity. Its unique tail can take down a medium-sized monster in a single swipe.', ''),
(29, 'Uragaan', 8, 620, 620, 40, 'water', 'physical', 50, 600, 'Brute Wyverns that feed on ore, using their mighty jaws to crush bedrock into powder. They cleverly affix rock and ore to themselves with lava, then spread them about, using vibrations to make them explode.', ''),
(30, 'Gravios', 9, 750, 750, 50, 'water', 'physical', 60, 670, 'Gravops is the adult form of Basarios.  They have a fire breath attack and the ability to emit an explosive gas attack when in rage mode. They also have extremely hard scales that deflect most weapon attacks. ', ''),
(32, 'Pink Rathian', 9, 720, 720, 28, 'thunder', 'fire', 40, 700, 'A subspecies of Rathian with vibrant pink scales. Pink Rathian wield their tails more skillfully than normal Rathian, using a wide variety of attacks to weaken their prey before eventually moving in for the kill.', ''),
(33, 'Azure Rathalos', 9, 700, 700, 26, 'ice', 'fire', 40, 730, 'An azure-colored subspecies of Rathalos. More mobile than its standard cousin, they locate prey from the air and quickly swoop in for the kill. It often use fireballs to attack foes from both land and air.', ''),
(34, 'Agnaktor', 9, 760, 760, 50, 'water', 'fire', 50, 710, 'Also known as Fire-Pike Wyverns, Agnaktor uses its tough snout and great strength to burrow through rocks and sometimes even cave ceilings. It is encrusted with hardened lava that can be softened from the heat when they spit magma or burrow.', ''),
(35, 'Lavasioth', 10, 840, 840, 40, 'water', 'fire', 50, 740, 'A piscine wyvern that resides in magma. Having a layer of hardened lava on its skin makes it very durable. they also has the ability to spit lava, which is used to attack prey, or any other monsters that may pose a threat.', ''),
(36, 'Glacial Agnaktor', 10, 860, 860, 35, 'fire', 'ice', 50, 760, 'A Tundra-based subspecies of Agnaktor that spits powerful jets of water. Its sharp beak allows it to burrow into the permafrost and clad itself in a layer of ice. This icy armor can only be melted with heat-based attacks.', ''),
(37, 'Gold Rathian', 10, 860, 860, 35, 'thunder', 'fire', 50, 800, 'A rare variant of Rathian with a beautiful golden body reminiscent of the moon. The Gold Rathian also appears to be far more agile than the other Rathian species, as it is far less likely to trip during its charges and can perform aerial maneuvers with much more deadly results than its relatives. It is able to chain its abilities together into potentially lethal combinations.', ''),
(38, 'Silver Rathalos', 10, 820, 820, 30, 'thunder', 'fire', 50, 820, 'A rare variant of Rathalos with a beautiful silver body reminiscent of the sun. It is far more agile than its counterparts, possessing greater speed and the ability to perform a quick air-dash before attempting to pin its prey. It has also been observed using a more powerful equivalent of fiery explosions.', ''),
(39, 'Deviljho', 11, 1200, 1200, 45, 'dragon', 'None', 0, 860, 'The dreaded, nomadic Deviljho have no specific territory of their own. Their muscles swell if provoked, revealing old wounds. Needing to feed constantly due to high body heat, they can hunt nearby animals to extinction. It uses its great strength to hunt prey and breathes a strange black and red energy from its mouth. ', ''),
(40, 'Lunastra', 11, 1000, 1000, 45, 'water', 'fire', 50, 940, 'A brutal female Elder Dragon with breath of flame and expert control over fire. Lunastra can generate a fire aura around their bodies from their horns, which helps prevent brazen monsters like Tigrex from dealing serious damage to them. Their wings are covered in a powder that can be released and at will be set a flame burning in the air in explosions.', ''),
(41, 'Kushala Daora', 11, 1000, 1000, 45, 'thunder', 'ice', 50, 940, 'A metal plated dragon known as the tempest of wind. Kushala Daora can create multiple free roaming tornadoes and wind tunnels and is able to blow a breath that is both extremely strong and cold to the point of freezing the ground and water it has breathed on. ', ''),
(42, 'Chameleos', 12, 1300, 1300, 45, 'fire', 'None', 0, 1000, 'Eyewitness sightings of this Elder Dragon are extremely rare due to its ability to literally vanish. It constantly scans the immediate area, searching for any potential prey, sizable threat, or just to create a realistic illusion on their skin. Its stomach acid is incredibly potent, capable of dissolving all but rock. ', ''),
(43, 'Teostra', 12, 1400, 1400, 45, 'water', 'fire', 50, 1150, 'A brutal male elder dragon with breath of flame and expert control over fire. Teostra utilizes a heat shield, or flame aura, which damages enemies that get too close. It has detachable wing scales or powder that explode when ignited from a spark made when Teostra bites and is capable of breathing powerful flame thrower attacks. ', ''),
(44, 'Akantor', 12, 1600, 1600, 45, 'dragon', 'fire', 50, 1300, 'A wyvern truly wrapped in mystery. Known to some as the black god and to others as the tyrant of fire, this large and brutal creature is known to the Guild simply as Akantor. It has the ability to scream a roar attack capable of making unusual black colored rings in the air. It also causes unusual lava explosions were ever it digs, these explosions burst up in large spirals of lava.', ''),
(45, 'Ukanlos', 13, 2300, 2300, 50, 'fire', 'ice', 50, 1500, 'A mysterious wyvern said only to appear after large avalanches deep in the snowy mountains. Often seen crushing ice balls and rock into powder in its stride, it''s known to the Guild as Ukanlos, although there are whisperings it may be the white god. It is capable of expelling ice to attack anything foolish enough to attempt to harm it', ''),
(46, 'Fatalis', 13, 2500, 2500, 60, 'dragon', 'None', 0, 2000, 'A legendary dragon said to have prowled these lands from the days of old. Many skilled hunters have sought to challenge it, but none ever return. A monster shrouded in mystery...', ''),
(47, 'Crimson Fatalis', 14, 3200, 3200, 70, 'dragon', 'None', 0, 2500, 'Dark red and black scales that can withstand even the strongest fire attacks. It''s size alone will deter any large predator, and it''s ferocious roar will stun any prey. Crimson Fatalis is more proficient in flight and has a wider range of aerial attacks than its black counterpart. Crimson''s scales will change from a deep red/black to a pulsing red when thoroughly enraged. Its signature technique is its ability to rain down a shower of meteors from the heavens.', ''),
(48, 'White Fatalis', 15, 4500, 4500, 80, 'dragon', 'None', 0, 3400, 'White Fatalis is confirmed to be one of the oldest living creatures in existence, with its estimated age being at least in the millennia. Like all other Fatalises, it has an extremely tough hide and is one of the largest dragons still possessing the ability to fly. It can control lighting at will occasionally calling forth thunderstorms with a single roar. It can also use its lightning to amplify the power of its physical attacks by electrifying its front claw when doing a simple claw sweep, greatly increasing the damage of the attack.', 'tower'),
(50, 'Giadrome', 1, 90, 90, 4, 'fire', 'ice', 10, 80, 'The alpha leader of a pack of Giaprey. They have large teeth and claws used for killing prey. It is also able to spit a freezing liquid, either in attack or defense making unwarry hunters frozen in a hail of ice. ', '');

-- --------------------------------------------------------

--
-- Table structure for table `user`
--

CREATE TABLE IF NOT EXISTS `user` (
  `user_id` int(8) NOT NULL AUTO_INCREMENT,
  `username` varchar(32) NOT NULL,
  `password` varchar(32) NOT NULL,
  `email` varchar(32) NOT NULL,
  PRIMARY KEY (`user_id`),
  UNIQUE KEY `email` (`email`)
) ENGINE=InnoDB  DEFAULT CHARSET=latin1 AUTO_INCREMENT=26 ;

--
-- Dumping data for table `user`
--

INSERT INTO `user` (`user_id`, `username`, `password`, `email`) VALUES
(1, 'ralphtan', '3d10356bb247c4e182b453f860931711', 'ralphtan88@yahoo.com'),
(2, 'josephtan', '3d10356bb247c4e182b453f860931711', 'josephtan@yahoo.com'),
(3, 'joytan', '3d10356bb247c4e182b453f860931711', 'joytan@yahoo.com'),
(4, 'irie101', 'd82848b517e47b605fcf5b6d00476e7f', 'irie101@yahoo.com'),
(5, 'gerardtan', 'd82848b517e47b605fcf5b6d00476e7f', 'tanralphgerard@yahoo.com'),
(6, 'ralphtan2', 'd82848b517e47b605fcf5b6d00476e7f', 'pangym_ralph@yahoo.com'),
(7, 'qwe147asd258zxc', 'c9266e3da3b75f4c57ae9fde0fb19c38', 'asdasd@yahoo.com'),
(8, 'bryantan', '3d10356bb247c4e182b453f860931711', 'bryan@yahoo.com'),
(9, 'ralphtan3', '3d10356bb247c4e182b453f860931711', 'rtan2@klab.com'),
(10, 'ralphtan5', '3d10356bb247c4e182b453f860931711', 'raw@asdfa.com'),
(11, 'pops225', 'd82848b517e47b605fcf5b6d00476e7f', 'spurs@spurs.com'),
(12, 'pops226', 'd82848b517e47b605fcf5b6d00476e7f', 'spurs1@spurs.com'),
(13, 'pops227', 'd82848b517e47b605fcf5b6d00476e7f', 'spurs2@spurs.com'),
(14, 'pops228', 'd82848b517e47b605fcf5b6d00476e7f', 'spurs3@spurs.com'),
(15, 'pops229', 'd82848b517e47b605fcf5b6d00476e7f', 'spurs4@spurs.com'),
(16, 'charme', '171271d640e02cfef28169ba97eb3bbe', 'charmgranada@yahoo.com'),
(17, '12345678', '25d55ad283aa400af464c76d713c07ad', 'test@yahoo.com'),
(18, 'dakiki-san', '5f4dcc3b5aa765d61d8327deb882cf99', 'd.navarro@klab.com'),
(19, 'j.medina', '036c13b1dfe96307ee66be84036ad51f', 'j.medina@klab.com'),
(20, 'welzwelz', '58b4e38f66bcdb546380845d6af27187', 'l.mercurio@klab.com'),
(21, 'coffeevanilla', 'd302586ae7ea5f840d5bff2d3de42602', 'coffeevanillaicecream@gmail.com'),
(22, 'VANILLA.LAN', '0c7fbca2038a4271c2ce4ce522c10c99', 'n.padolina@klab.com'),
(23, 'magandaako', 'ad9f91070abbb4f922601949a15050fa', 'lowella_mercurio0722@yahoo.com'),
(24, 'siwellakasi', 'd8a751b753d6678fb04ae5c183b7c471', 'pangit@yahoo.com'),
(25, 'ralphtan4', 'd82848b517e47b605fcf5b6d00476e7f', 'ralph@gmail.com');

--
-- Constraints for dumped tables
--

--
-- Constraints for table `attack`
--
ALTER TABLE `attack`
  ADD CONSTRAINT `attack_ibfk_1` FOREIGN KEY (`monster_id`) REFERENCES `monster` (`monster_id`);

--
-- Constraints for table `battle`
--
ALTER TABLE `battle`
  ADD CONSTRAINT `battle_ibfk_1` FOREIGN KEY (`char_id`) REFERENCES `monster` (`monster_id`);

--
-- Constraints for table `craft`
--
ALTER TABLE `craft`
  ADD CONSTRAINT `craft_ibfk_1` FOREIGN KEY (`equip_id`) REFERENCES `equipment` (`equip_id`),
  ADD CONSTRAINT `craft_ibfk_2` FOREIGN KEY (`item_id`) REFERENCES `item` (`item_id`);

--
-- Constraints for table `equipment`
--
ALTER TABLE `equipment`
  ADD CONSTRAINT `equipment_ibfk_1` FOREIGN KEY (`monster_id`) REFERENCES `monster` (`monster_id`);

--
-- Constraints for table `item`
--
ALTER TABLE `item`
  ADD CONSTRAINT `item_ibfk_1` FOREIGN KEY (`monster_id`) REFERENCES `monster` (`monster_id`);

/*!40101 SET CHARACTER_SET_CLIENT=@OLD_CHARACTER_SET_CLIENT */;
/*!40101 SET CHARACTER_SET_RESULTS=@OLD_CHARACTER_SET_RESULTS */;
/*!40101 SET COLLATION_CONNECTION=@OLD_COLLATION_CONNECTION */;
